time,trade_volume,volume_weight_avg_price,open,close,highest_in_interval,lowest_in_interval,transactions
1729756800000,356,225.5824,225.24,226,226,225.24,11
1729762440000,220,225.5977,225.6,225.6,225.6,225.6,3
1729765860000,279,226.4108,226.42,226.42,226.42,226.42,6
1729766640000,200,226.4255,226.42,226.42,226.42,226.42,3
1729767480000,427,226.3856,226.51,226.5,226.51,226.5,12
1729767900000,618,225.5846,225.5,225.51,225.51,225.5,22
1729768440000,2771,225.8856,225.06,226,226,225.06,37
1729768560000,1225,226.4908,226.5,226.5,226.5,226.5,13
1729768860000,144,226.135,226.28,226.28,226.28,226.28,5
1729769100000,116,226.2016,226.22,226.22,226.22,226.22,3
1729770840000,116,225.9914,225.99,225.99,225.99,225.99,3
1729771200000,1271,225.2754,225.8,226.072,226.072,225.8,71
1729771920000,257,225.1339,225.14,225.14,225.14,225.14,4
1729772100000,557,225.134,225.21,225.11,225.21,225.11,11
1729773420000,14715,220.9539,220.95,220.95,220.95,220.95,3
1729773600000,266,225.5711,225.56,225.56,225.56,225.56,11
1729773660000,267,225.3333,225.25,225.25,225.25,225.25,10
1729774020000,733,225.4754,225.5,225.44,225.51,225.44,10
1729774440000,553,225.026,225.05,225,225.05,225,13
1729774560000,1705,224.1466,224.1,224.04,224.1,224.04,41
1729774620000,337,223.9308,223.91,223.91,223.91,223.91,6
1729774680000,2415,222.4464,222.5,222.11,222.51,222.11,57
1729774740000,3197,221.8028,221.83,221.82,221.83,221.5,21
1729774800000,802,221.8006,221.9,221.9,221.9,221.9,7
1729774860000,425,221.5809,221.75,221.5,221.75,221.5,8
1729775040000,3881,221.0143,221.35,220.83,221.35,220.83,117
1729775160000,606,221.8058,221.87,221.88,221.88,221.87,14
1729775400000,453,221.5964,221.51,221.5,221.51,221.5,10
1729775460000,271,221.5786,221.5,221.7,221.7,221.5,7
1729775580000,436,221.6729,221.5,221.8,221.8,221.5,6
1729775700000,450,221.8724,221.99,222,222,221.5,8
1729775880000,1069,221.1223,221.46,220.6,221.46,220.6,29
1729776360000,1087,222,222,222,222,222,10
1729776480000,2207,222.2629,222.21,222.22,222.31,222.21,55
1729776540000,762,222.3188,222.32,222.3,222.32,222.3,15
1729776600000,110782,223.1346,223.4,224.66,224.68,221,1612
1729776660000,52696,226.9731,224.76,228.99,228.99,224,1511
1729776720000,80758,229.2544,228.61,230.01,230.31,228.37,2091
1729776780000,98144,229.9989,230.115,230.38,230.69,228.88,1952
1729776840000,57669,229.8139,230.12,229.43,230.33,229.25,1106
1729776900000,60449,229.1986,229.34,229.57,229.595,228.6,1120
1729776960000,43133,230.1413,229.5,230.785,230.785,229.4,1017
1729777020000,42575,230.5065,230.785,230.52,230.785,230.1,1029
1729777080000,56765,230.1965,230.59,229.44,230.78,229.44,1147
1729777140000,25845,229.2695,229.31,228.84,229.96,228.6801,492
1729777200000,93991,229.217,228.845,228.995,229.53,228.72,636
1729777260000,59229,229.247,228.9,228.88,229.5816,228.83,479
1729777320000,37183,228.8979,228.83,228.72,229.07,228.7,634
1729777380000,52737,228.6794,228.82,228.205,228.94,228.205,687
1729777440000,61242,228.7701,228.1925,228.515,228.99,228.1925,302
1729777500000,29442,228.4941,228.485,228.88,228.88,228.31,421
1729777560000,73795,229.2476,228.843,228.91,229.425,228.84,579
1729777620000,35714,228.9811,228.92,228.965,229.07,228.825,425
1729777680000,45423,228.6497,229,228.47,229.01,228.33,591
1729777740000,52630,228.5126,228.5,228.01,228.85,228.01,561
1729777800000,26364,228.0571,228.1031,227.4,228.38,227.375,518
1729777860000,28556,227.2722,227.395,226.85,227.395,226.85,488
1729777920000,27705,226.6021,226.84,226.835,226.9,226.28,590
1729777980000,21214,227.058,226.84,227.32,227.34,226.84,400
1729778040000,13091,227.4986,227.165,227.76,227.89,227.165,260
1729778100000,13219,227.8125,227.755,227.76,227.9817,227.72,254
1729778160000,7198,227.8053,227.77,227.91,227.95,227.74,166
1729778220000,11647,227.7962,227.91,227.65,227.91,227.65,228
1729778280000,10897,227.6362,227.58,227.905,227.905,227.4,254
1729778340000,14989,227.8916,227.91,227.905,228.03,227.81,316
1729778400000,21051,227.8861,227.9,227.66,228.05,227.64,367
1729778460000,8932,227.805,227.77,227.775,227.93,227.715,204
1729778520000,23186,228.0067,227.81,228.065,228.18466,227.81,515
1729778580000,19918,228.0231,228.05,227.9894,228.1,227.98,459
1729778640000,24968,227.893,228.025,227.79,228.05,227.77,382
1729778700000,22364,228.0304,227.86,228.1,228.27,227.77,409
1729778760000,20174,228.2295,228.11,228.56,228.56,228.05,354
1729778820000,14039,228.2203,228.35,228.08,228.51,228.08,269
1729778880000,23734,228.0852,228.16,228.12,228.21,227.98,345
1729778940000,11841,227.9776,228.125,227.739,228.25,227.739,246
1729779000000,15055,227.8765,227.82,228.02,228.18,227.62,293
1729779060000,21494,228.177,228.1,228.25,228.3,228.04,368
1729779120000,20024,228.2209,228.25,228.29,228.36,228.1,358
1729779180000,35220,228.4745,228.34,228.61,228.775,228.321,517
1729779240000,24253,228.8619,228.59,229.05,229.1661,228.51,504
1729779300000,9487,229.0079,229.0175,229.0459,229.11,228.93,265
1729779360000,12728,228.9046,229.03,229,229.03,228.8,295
1729779420000,21233,228.9541,228.9768,228.88,229.04,228.75,292
1729779480000,41634,229.1371,228.91,229.485,229.485,228.85,475
1729779540000,23218,229.607,229.51,229.68,229.82,229.5,358
1729779600000,9806,229.7663,229.705,229.695,229.94,229.64,235
1729779660000,12374,229.7324,229.695,229.8099,229.85,229.65,260
1729779720000,18530,229.6884,229.82,229.575,229.8599,229.54,371
1729779780000,19332,229.5925,229.6,229.69,229.8,229.43,359
1729779840000,6887,229.7645,229.702,229.96,229.97,229.65,180
1729779900000,9209,229.7895,229.87,229.868,229.9058,229.69,241
1729779960000,17171,229.897,229.8878,229.852,230.04,229.76,369
1729780020000,26006,229.8726,229.84,229.945,230.03,229.73,540
1729780080000,25007,229.9447,229.93,229.91,230.05,229.83,532
1729780140000,16920,229.9195,229.94,229.865,230,229.81,290
1729780200000,18908,229.9222,229.81,229.985,230.0192,229.79,389
1729780260000,16688,229.9733,229.98,230.04,230.06,229.87,335
1729780320000,19817,230.0093,230.07,230.035,230.13,229.86,297
1729780380000,11730,229.9557,230,229.94,230.03,229.8359,220
1729780440000,9795,229.9584,229.92,230.01,230.01,229.89,198
1729780500000,39903,230.0076,230.01,229.98,230.07,229.92,623
1729780560000,29103,229.9777,230.01,229.89,230.04,229.89,501
1729780620000,8416,229.9224,229.93,229.945,230,229.84,193
1729780680000,15172,229.884,229.91,229.85,229.985,229.84,283
1729780740000,15479,229.8704,229.84,229.835,229.93,229.79,300
1729780800000,25076,230.1137,229.8983,230.4,230.4,229.87,451
1729780860000,12179,230.2523,230.33,230.205,230.33,230.17,277
1729780920000,17623,230.3648,230.17,230.385,230.47,230.17,368
1729780980000,17767,230.3738,230.41,230.39,230.415,230.33,330
1729781040000,17145,230.3945,230.39,230.28,230.47,230.28,389
1729781100000,8574,230.1395,230.28,230.33,230.33,229.94,213
1729781160000,11427,230.3656,230.38,230.335,230.44,230.29,256
1729781220000,5405,230.2677,230.32,230.265,230.32,230.225,151
1729781280000,10361,230.3995,230.34,230.42,230.4399,230.34,267
1729781340000,13122,230.4004,230.415,230.35,230.47,230.35,311
1729781400000,12334,230.4577,230.38,230.46,230.5,230.38,266
1729781460000,12991,230.5009,230.475,230.43,230.555,230.405,281
1729781520000,9373,230.3026,230.41,230.27,230.41,230.26,173
1729781580000,28479,230.2954,230.27,230.435,230.455,230.17,211
1729781640000,10507,230.3626,230.435,230.425,230.435,230.3,193
1729781700000,4932,230.3806,230.425,230.39,230.45,230.35,121
1729781760000,19103,230.4561,230.4475,230.41,230.57,230.36,394
1729781820000,10321,230.2847,230.34,230.1,230.41,230.1,233
1729781880000,12668,230.0458,230.09,230.015,230.1,229.97,267
1729781940000,12419,230.183,229.99,230.18,230.4,229.99,366
1729782000000,24383,230.1739,230.18,230.085,230.28,230.03,260
1729782060000,12105,230.1532,230.075,230.195,230.25,230.03,239
1729782120000,10207,230.1116,230.17,230.04,230.18,230.02,174
1729782180000,8044,229.9661,230.055,229.9,230.055,229.9,150
1729782240000,5742,229.9394,229.9175,229.85,229.95,229.85,142
1729782300000,8063,229.8205,229.85,229.8,229.85,229.77,177
1729782360000,7531,229.6379,229.82,229.49,229.82,229.48,197
1729782420000,14236,229.505,229.49,229.51,229.59,229.42,256
1729782480000,7035,229.4477,229.5,229.52,229.525,229.37,179
1729782540000,16099,229.7163,229.53,229.82,229.9,229.53,292
1729782600000,8605,229.8018,229.82,229.74,229.87,229.74,164
1729782660000,9739,229.5887,229.74,229.43,229.74,229.43,217
1729782720000,12361,229.379,229.43,229.38,229.45,229.27,279
1729782780000,37157,228.8046,229.37,227.98,229.4,227.98,673
1729782840000,37805,228.1457,227.99,229.13,229.13,227.72,769
1729782900000,6513,229.4221,229.25,229.5201,229.82,229.25,165
1729782960000,6494,229.5264,229.689,229.53,229.689,229.4801,135
1729783020000,5096,229.4343,229.48,229.485,229.51,229.45,154
1729783080000,14694,229.4177,229.41,229.4,229.475,229.13,249
1729783140000,6800,229.4634,229.34,229.825,229.825,229.33,217
1729783200000,3750,229.8455,229.89,229.8,229.96,229.8,104
1729783260000,10156,229.9062,229.98,229.97,229.99,229.8,247
1729783320000,6570,230.1429,230.03,230.1301,230.225,230.03,175
1729783380000,12212,230.1689,230.23,230.18,230.27,230.13,273
1729783440000,9689,230.2013,230.23,230.22,230.24,230.18,173
1729783500000,11605,230.2793,230.24,230.3,230.36,230.21,255
1729783560000,5145,230.3254,230.233,230.42,230.42,230.233,112
1729783620000,7475,230.3795,230.42,230.3101,230.47,230.3101,175
1729783680000,9911,230.3079,230.335,230.305,230.37,230.2601,203
1729783740000,12692,230.1551,230.305,230,230.305,230,215
1729783800000,9147,230.062,230.08,229.89,230.1825,229.88,194
1729783860000,6661,230.0498,229.89,230.04,230.13,229.89,135
1729783920000,14804,230.1627,230.085,230.195,230.24,230.05,256
1729783980000,10703,230.1412,230.15,230.15,230.21,230.07,195
1729784040000,11249,230.1766,230.17,230.11,230.24,230.1,241
1729784100000,20777,230.2283,230.12,230.27,230.3,230.105,430
1729784160000,15093,230.4011,230.31,230.55,230.61,230.23,320
1729784220000,8383,230.5404,230.58,230.5215,230.635,230.48,164
1729784280000,5554,230.4988,230.53,230.545,230.56,230.46,151
1729784340000,7808,230.4582,230.5816,230.41,230.5816,230.41,136
1729784400000,3278,230.4473,230.41,230.525,230.56,230.41,105
1729784460000,3064,230.5094,230.5344,230.49,230.58,230.47,84
1729784520000,7891,230.574,230.53,230.545,230.63,230.5,192
1729784580000,12076,230.4737,230.5,230.36,230.5,230.36,145
1729784640000,10335,230.3503,230.39,230.28,230.39,230.25,179
1729784700000,7594,230.344,230.27,230.445,230.445,230.23,175
1729784760000,8865,230.5181,230.44,230.57,230.57,230.44,169
1729784820000,15725,230.7515,230.58,230.7,230.9041,230.58,326
1729784880000,18798,230.6972,230.684,230.57,230.775,230.55,329
1729784940000,17552,230.4655,230.555,230.5315,230.555,230.3541,228
1729785000000,5290,230.4758,230.49,230.53,230.53,230.42,117
1729785060000,10675,230.4031,230.47,230.26,230.49,230.25,218
1729785120000,9178,230.2778,230.305,230.2,230.31,230.2,195
1729785180000,12748,230.4268,230.21,230.495,230.62,230.21,339
1729785240000,2985,230.4533,230.46,230.42,230.505,230.39,93
1729785300000,7829,230.4328,230.39,230.38,230.5485,230.38,182
1729785360000,5654,230.4852,230.4,230.64,230.64,230.4,149
1729785420000,9033,230.7402,230.65,230.78,230.7999,230.65,165
1729785480000,9027,230.6816,230.775,230.66,230.775,230.63,147
1729785540000,10796,230.7999,230.69,230.98,230.98,230.69,229
1729785600000,12115,230.9227,230.96,230.86,231,230.86,273
1729785660000,7378,230.8945,230.87,230.945,231,230.815,153
1729785720000,5512,230.9103,230.955,230.87,230.965,230.87,104
1729785780000,3493,230.9357,230.88,230.98,231,230.88,86
1729785840000,9408,231.0135,230.98,231.1,231.11,230.96,188
1729785900000,9272,231.1364,231.11,231.135,231.1999,231.105,212
1729785960000,12618,231.2011,231.15,231.25,231.25,231.15,214
1729786020000,27045,231.0463,231.27,230.86,231.29,230.79,424
1729786080000,27203,231.0215,230.91,231.14,231.17,230.82,280
1729786140000,16550,231.0596,231.08,230.995,231.145,230.97,251
1729786200000,18262,231.1792,230.97,231.235,231.36,230.95,239
1729786260000,14772,231.2206,231.235,231.25,231.3462,231.11,339
1729786320000,13848,231.3467,231.21,231.43,231.5,231.2,213
1729786380000,12508,231.4669,231.455,231.49,231.54,231.425,270
1729786440000,9903,231.5777,231.51,231.65,231.67,231.49,213
1729786500000,16484,231.5262,231.645,231.35,231.645,231.35,277
1729786560000,10953,231.3117,231.35,231.29,231.36,231.28,192
1729786620000,9756,231.396,231.31,231.37,231.51,231.31,253
1729786680000,8510,231.3092,231.3411,231.27,231.41,231.1601,160
1729786740000,10774,231.3309,231.26,231.39,231.42,231.2435,225
1729786800000,9804,231.334,231.39,231.32,231.39,231.3,216
1729786860000,8594,231.2391,231.29,231.24,231.29,231.1601,157
1729786920000,6300,231.3865,231.22,231.465,231.519,231.22,146
1729786980000,4103,231.5134,231.46,231.62,231.62,231.455,111
1729787040000,9043,231.618,231.66,231.7,231.75,231.57,203
1729787100000,8868,231.6481,231.7,231.695,231.7,231.57,148
1729787160000,11312,231.7108,231.695,231.66,231.75,231.66,206
1729787220000,5106,231.699,231.66,231.7025,231.74,231.655,125
1729787280000,4668,231.6898,231.67,231.77,231.8,231.635,117
1729787340000,11448,231.6436,231.74,231.61,231.74,231.5001,215
1729787400000,5201,231.7127,231.68,231.78,231.82,231.63,152
1729787460000,11623,231.9197,231.86,231.9,232.03,231.86,239
1729787520000,8422,231.8473,231.905,231.865,231.912,231.78,176
1729787580000,5461,231.9341,231.865,231.99,232,231.865,127
1729787640000,8601,231.9598,231.93,232.0199,232.0199,231.91,195
1729787700000,14267,231.9345,232.02,231.775,232.02,231.73,257
1729787760000,5009,231.8904,231.82,231.875,231.95,231.82,163
1729787820000,9886,231.8539,231.905,231.85,231.905,231.8,205
1729787880000,7078,231.8948,231.85,231.99,232.0193,231.8,188
1729787940000,4885,231.9692,231.98,231.9642,232.03,231.96,118
1729788000000,10118,232.0047,232,231.93,232.06,231.93,209
1729788060000,7362,231.8881,231.96,231.78,231.96,231.78,181
1729788120000,5739,231.8538,231.77,231.995,231.995,231.765,152
1729788180000,6204,231.9754,232.015,231.95,232.03,231.93,115
1729788240000,5435,231.9743,231.98,231.94,232.015,231.94,173
1729788300000,4422,231.996,232,232.06,232.06,231.97,124
1729788360000,2353,232.0476,232.05,232.08,232.08,232.035,96
1729788420000,5066,232.0261,232.065,232.015,232.065,232.015,109
1729788480000,11307,231.9019,231.99,231.87,231.99,231.81,246
1729788540000,7380,231.8528,231.84,231.83,231.8895,231.79,123
1729788600000,2492,231.8068,231.79,231.79,231.825,231.79,77
1729788660000,11318,231.7985,231.79,231.95,231.95,231.71,282
1729788720000,17375,231.9346,231.955,231.9,232.01,231.89,304
1729788780000,4585,231.8446,231.93,231.77,231.93,231.77,117
1729788840000,13731,231.7487,231.75,231.71,231.81,231.7,260
1729788900000,12418,232.0072,231.77,232.08,232.11,231.77,230
1729788960000,4056,232.0841,232.095,232.09,232.12,232.0501,107
1729789020000,3277,232.0535,232.1,232.085,232.13,232.085,91
1729789080000,7977,232.0322,232.085,232.05,232.085,231.9901,142
1729789140000,13445,232.0183,232.02,232.01,232.07,231.9781,224
1729789200000,4992,231.9612,232.05,231.9575,232.05,231.91,145
1729789260000,3357,232.0002,231.97,232.04,232.04,231.97,103
1729789320000,7625,231.9703,232.05,231.88,232.05,231.87,183
1729789380000,6499,231.9524,231.92,232,232.01,231.9196,157
1729789440000,8866,232.0623,232.01,232.09,232.13,232,174
1729789500000,3493,232.1335,232.1,232.165,232.2017,232.095,102
1729789560000,5433,232.1888,232.14,232.16,232.25,232.14,151
1729789620000,4036,232.0878,232.13,232.07,232.13,232.05,111
1729789680000,7133,231.9812,232.02,231.94,232.02,231.93,160
1729789740000,4940,231.8442,231.935,231.75,231.935,231.74,123
1729789800000,6675,231.8597,231.79,231.945,231.98,231.79,208
1729789860000,10179,231.9796,231.95,231.925,232,231.92,223
1729789920000,2716,231.9546,231.9122,231.98,231.98,231.9122,108
1729789980000,5405,231.9823,231.98,231.97,232,231.96,119
1729790040000,11111,231.9073,231.95,231.865,231.9995,231.865,159
1729790100000,3602,231.923,231.89,231.925,231.93,231.89,110
1729790160000,14698,231.9987,231.95,232.02,232.07,231.95,223
1729790220000,9285,232.007,232,232.13,232.13,231.95,230
1729790280000,3057,232.0723,232.13,232.095,232.13,232.09,90
1729790340000,8929,232.0849,232.12,232.07,232.12,232.0446,200
1729790400000,5489,232.1567,232.07,232.25,232.25,232.07,143
1729790460000,2529,232.2864,232.29,232.32,232.32,232.27,87
1729790520000,4185,232.3023,232.31,232.33,232.34,232.295,125
1729790580000,7521,232.2919,232.34,232.29,232.35,232.23,210
1729790640000,5845,232.2796,232.33,232.245,232.33,232.2302,121
1729790700000,6657,232.1597,232.27,232.03,232.27,232.03,160
1729790760000,7128,232.032,232.02,232.05,232.05,231.98,202
1729790820000,5052,232.0641,232.08,232.03,232.095,232.02,108
1729790880000,2953,232.1653,232.07,232.2899,232.2899,232.07,117
1729790940000,4241,232.2515,232.285,232.3,232.3,232.25,94
1729791000000,8234,232.3004,232.29,232.315,232.34,232.28,210
1729791060000,6422,232.2951,232.28,232.29,232.33,232.26,182
1729791120000,2211,232.2615,232.305,232.305,232.305,232.28,74
1729791180000,13172,232.2986,232.33,232.24,232.3548,232.24,323
1729791240000,9278,232.1814,232.21,232.22,232.22,232.13,290
1729791300000,7654,232.1907,232.19,232.19,232.208,232.1601,198
1729791360000,3196,232.2072,232.2024,232.21,232.21,232.2024,168
1729791420000,4489,232.2756,232.23,232.38,232.38,232.23,155
1729791480000,8339,232.3743,232.4,232.35,232.41,232.35,206
1729791540000,7127,232.3373,232.34,232.255,232.4,232.25,215
1729791600000,4782,232.2714,232.26,232.3,232.3,232.25,143
1729791660000,1296,232.3362,232.35,232.36,232.36,232.3272,84
1729791720000,8975,232.3701,232.37,232.37,232.4,232.36,186
1729791780000,9595,232.4567,232.41,232.44,232.5,232.41,233
1729791840000,3315,232.5112,232.51,232.575,232.575,232.5057,124
1729791900000,1246,232.5605,232.575,232.575,232.575,232.575,70
1729791960000,4955,232.6251,232.61,232.59,232.66,232.5806,155
1729792020000,12011,232.5317,232.57,232.49,232.59,232.46,225
1729792080000,8938,232.4704,232.46,232.502,232.53,232.38,199
1729792140000,7525,232.512,232.5,232.41,232.56,232.41,195
1729792200000,2684,232.4069,232.36,232.3999,232.3999,232.36,69
1729792260000,5049,232.4124,232.35,232.465,232.52,232.33,148
1729792320000,3208,232.4695,232.465,232.51,232.51,232.4419,86
1729792380000,8703,232.4534,232.51,232.42,232.51,232.38,219
1729792440000,3528,232.4135,232.405,232.4035,232.42,232.39,132
1729792500000,3897,232.4412,232.408,232.47,232.47,232.408,105
1729792560000,7494,232.4211,232.46,232.38,232.46,232.38,145
1729792620000,4428,232.3906,232.37,232.4,232.43,232.35,141
1729792680000,8079,232.5246,232.42,232.6,232.6,232.42,189
1729792740000,8669,232.572,232.605,232.6,232.63,232.54,216
1729792800000,13508,232.5825,232.57,232.67,232.68,232.51,318
1729792860000,14334,232.607,232.67,232.635,232.67,232.53,266
1729792920000,4503,232.7041,232.635,232.72,232.77,232.635,145
1729792980000,10543,232.7184,232.72,232.795,232.795,232.7,225
1729793040000,11299,232.8211,232.7744,232.92,232.92,232.7744,287
1729793100000,15181,232.7984,232.94,232.77,232.96,232.73,303
1729793160000,4175,232.817,232.78,232.88,232.88,232.78,122
1729793220000,20799,232.8939,232.91,232.93,232.93,232.87,226
1729793280000,12451,232.8367,232.92,232.825,232.92,232.77,240
1729793340000,5381,232.884,232.82,232.9,232.9,232.82,154
1729793400000,12252,232.8175,232.88,232.765,232.88,232.75,244
1729793460000,7718,232.8551,232.79,232.955,232.955,232.79,205
1729793520000,10487,232.9419,232.955,232.948,232.97,232.89,161
1729793580000,12996,233.0081,232.97,233.13,233.13,232.97,336
1729793640000,12192,233.1545,233.16,233.23,233.23,233.15,245
1729793700000,12176,233.1461,233.215,233.11,233.215,233.0784,317
1729793760000,15274,233.1193,233.1,233.15,233.16,233.081,374
1729793820000,12461,233.1585,233.17,233.16,233.21,233.111,292
1729793880000,9097,233.1636,233.121,233.12,233.21,233.09,223
1729793940000,6849,233.1007,233.089,233.17,233.17,233.06,171
1729794000000,9397,233.1575,233.15,233.17,233.21,233.13,201
1729794060000,7943,233.1439,233.145,233.16,233.18,233.1,181
1729794120000,23479,233.2981,233.175,233.36,233.42,233.175,417
1729794180000,7797,233.3442,233.38,233.35,233.38,233.32,176
1729794240000,10626,233.3285,233.345,233.3932,233.395,233.24,213
1729794300000,18256,233.4008,233.36,233.3809,233.4799,233.35,312
1729794360000,16612,233.3011,233.42,233.17,233.45,233.17,382
1729794420000,10020,233.2171,233.17,233.35,233.35,233.16,251
1729794480000,11271,233.2756,233.32,233.3,233.355,233.2,269
1729794540000,5999,233.4397,233.385,233.455,233.5,233.385,147
1729794600000,15548,233.2914,233.45,233.13,233.45,233.13,301
1729794660000,8961,233.1515,233.17,233.07,233.19,233.05,197
1729794720000,7711,233.1217,233.075,233.18,233.18,233.075,216
1729794780000,8008,233.2521,233.25,233.2,233.28,233.17,192
1729794840000,4154,233.2484,233.15,233.31,233.31,233.15,151
1729794900000,7606,233.2217,233.315,233.12,233.32,233.12,202
1729794960000,4371,233.0903,233.096,233.0401,233.1,233.0401,137
1729795020000,12706,233.0498,233.07,233.08,233.15,232.975,316
1729795080000,7461,233.0973,233.095,233.09,233.115,233.07,178
1729795140000,6916,233.1015,233.08,233.1,233.15,233.06,166
1729795200000,9185,233.0719,233.11,233.11,233.13,233.04,226
1729795260000,6730,233.0861,233.1,233.0663,233.11,233.0663,115
1729795320000,12200,233.0004,233.09,232.95,233.09,232.94,249
1729795380000,12891,232.9143,232.95,232.82,232.97,232.78,236
1729795440000,5594,232.8263,232.825,232.79,232.86,232.77,112
1729795500000,7606,232.7839,232.81,232.795,232.81,232.76,193
1729795560000,12438,232.792,232.795,232.78,232.84,232.75,254
1729795620000,3736,232.85,232.76,232.919,232.925,232.76,149
1729795680000,13646,232.9889,232.98,232.99,233.03,232.9725,225
1729795740000,4881,232.9866,232.96,233.0699,233.0699,232.94,128
1729795800000,9150,233.0713,233.05,233.095,233.11,233.05,189
1729795860000,5842,233.0787,233.095,233.115,233.15,233.08,135
1729795920000,3206,233.1506,233.15,233.16,233.18,233.13,120
1729795980000,12063,233.0577,233.16,232.945,233.16,232.93,222
1729796040000,6208,232.8578,232.91,232.8,232.91,232.77,170
1729796100000,12559,232.7246,232.775,232.66,232.78,232.645,254
1729796160000,12910,232.5721,232.62,232.5499,232.63,232.5,267
1729796220000,11668,232.4097,232.51,232.3417,232.515,232.28,273
1729796280000,14186,232.3951,232.3,232.44,232.44,232.3,330
1729796340000,10939,232.5288,232.45,232.545,232.59,232.45,334
1729796400000,5150,232.5201,232.53,232.55,232.55,232.49,145
1729796460000,12053,232.5359,232.5,232.4906,232.6,232.46,269
1729796520000,9129,232.4311,232.42,232.38,232.47,232.37,222
1729796580000,4863,232.3527,232.35,232.3799,232.3799,232.325,124
1729796640000,11313,232.4318,232.35,232.5,232.53,232.32,262
1729796700000,13135,232.5397,232.5301,232.5799,232.58,232.48,254
1729796760000,6726,232.6198,232.555,232.605,232.67,232.555,190
1729796820000,3119,232.596,232.62,232.63,232.635,232.57,97
1729796880000,12896,232.5572,232.6343,232.5,232.6343,232.49,270
1729796940000,13642,232.4746,232.46,232.47,232.549,232.4,288
1729797000000,9045,232.4968,232.47,232.47,232.53,232.46,186
1729797060000,13419,232.4705,232.485,232.39,232.5,232.39,286
1729797120000,9176,232.4091,232.42,232.425,232.44,232.38,160
1729797180000,11470,232.5202,232.425,232.57,232.63,232.425,270
1729797240000,9170,232.5241,232.56,232.5,232.575,232.5,188
1729797300000,8890,232.5372,232.5,232.58,232.6,232.4822,213
1729797360000,9857,232.6031,232.58,232.61,232.635,232.57,225
1729797420000,3545,232.6122,232.62,232.625,232.65,232.61,102
1729797480000,11274,232.6081,232.625,232.649,232.65,232.54,225
1729797540000,10874,232.5829,232.635,232.58,232.635,232.54,218
1729797600000,9573,232.5496,232.56,232.53,232.58,232.52,180
1729797660000,9395,232.5317,232.52,232.53,232.55,232.5,168
1729797720000,14759,232.4944,232.54,232.46,232.58,232.38,349
1729797780000,12464,232.4984,232.48,232.55,232.56,232.47,241
1729797840000,11632,232.5872,232.54,232.64,232.669,232.54,238
1729797900000,7690,232.6704,232.66,232.7,232.719,232.64,203
1729797960000,20148,232.6961,232.67,232.835,232.8699,232.63,338
1729798020000,13544,232.8456,232.82,232.97,232.97,232.82,306
1729798080000,12118,232.9468,232.99,232.93,233.009,232.91,299
1729798140000,14826,232.985,232.93,233.08,233.1093,232.92,301
1729798200000,3642,233.0283,233.0681,233.07,233.07,233.03,138
1729798260000,15387,233.2421,233.08,233.47,233.47,233.08,353
1729798320000,27020,233.5072,233.45,233.55,233.619,233.445,576
1729798380000,19724,233.4296,233.53,233.3,233.55,233.28,373
1729798440000,13140,233.275,233.3,233.12,233.36,233.1,323
1729798500000,10334,233.2703,233.115,233.31,233.34,233.08,266
1729798560000,9709,233.4536,233.37,233.465,233.49,233.36,191
1729798620000,12564,233.4101,233.44,233.5,233.5,233.365,325
1729798680000,12633,233.6443,233.525,233.705,233.749,233.525,269
1729798740000,18877,233.7819,233.7251,233.82,233.9,233.71,369
1729798800000,28088,233.8319,233.8,233.825,233.92,233.77,493
1729798860000,17068,233.7934,233.8224,233.75,233.8598,233.74,317
1729798920000,19179,233.8283,233.7797,233.845,233.89,233.7797,412
1729798980000,20027,233.8764,233.845,233.93,233.93,233.845,337
1729799040000,30096,233.9311,233.915,233.96,233.975,233.89,437
1729799100000,30159,233.9483,233.95,234.1,234.1,233.87,476
1729799160000,24144,234.149,234.135,234.2,234.23,234.1,419
1729799220000,31641,234.2426,234.225,234.29,234.32,234.18,515
1729799280000,17134,234.2,234.3,234.21,234.3,234.15,359
1729799340000,24301,234.31,234.215,234.32,234.399,234.215,428
1729799400000,33516,234.1893,234.3,234.06,234.31,234.04,710
1729799460000,35406,234.0791,234.09,234.08,234.21,233.9552,594
1729799520000,32318,234.1527,234.06,234.19,234.21,234.06,565
1729799580000,28606,234.1114,234.15,234.1,234.16,234.06,478
1729799640000,53680,233.9442,234.1,233.7,234.13,233.66,886
1729799700000,60574,233.6953,233.73,233.73,233.805,233.53,1055
1729799760000,73103,233.7252,233.72,233.61,233.79,233.61,1086
1729799820000,65678,233.5291,233.62,233.66,233.68,233.45,1031
1729799880000,62523,233.6791,233.66,233.675,233.71,233.6,923
1729799940000,131699,233.6275,233.675,233.56,233.79,233.48,1988
1729800000000,46350,233.5603,233.56,233.56,233.56,233.56,56
1729800060000,35511,233.5603,233.56,233.56,233.56,233.56,13
1729800180000,1301,233.5672,233.56,233.56,233.56,233.56,5
1729800240000,122,234.2242,234.26,234.26,234.26,234.26,4
1729800300000,117,234.4436,234.26,234.26,234.26,234.26,3
1729800360000,179,234.1591,234.26,234.26,234.26,234.26,6
1729800420000,359,234.0649,234.26,234.26,234.26,234.26,16
1729800480000,225,234.26,234.26,234.26,234.26,234.26,3
1729800540000,301,234.26,234.26,234.26,234.26,234.26,3
1729800720000,624,234.7981,234.9,234.9,234.9,234.9,28
1729800780000,109,234.5364,234.51,234.51,234.51,234.51,3
1729800900000,384,234.4966,234.5,234.5,234.5,234.5,8
1729801020000,3491,233.56,233.56,233.56,233.56,233.56,2
1729801140000,541,233.9992,234,234,234,234,3
1729803540000,146,233.56,233.56,233.56,233.56,233.56,1
1729804920000,399,233.75,233.75,233.75,233.75,233.75,1
1729806600000,249,233.6001,233.6001,233.6001,233.6001,233.6001,1
1729806720000,206,233.6443,233.65,233.65,233.65,233.65,5
1729807620000,250,233.6446,233.64,233.65,233.65,233.64,2
1729808700000,122,233.6418,233.64,233.64,233.64,233.64,2
1729813620000,286,233.5229,233.52,233.52,233.52,233.52,5
